name,type,city,country,website,email,phone,instagram,reason,status,scraped_email
Spielfeld,board game store,Vienna,Austria,https://spielfeld.at,office@spielfeld.at,+43 1 5124456,@spielfeld_wien,A premier board game specialty shop in central Vienna with a curated selection of modern card and board games.,contacted,
Planet Harry,board game store,Vienna,Austria,https://planetharry.at,office@planetharry.at,+43 1 5850933,@planetharry_vienna,"Well-known independent shop specializing in niche and international board games, perfect for a designer card game.",contacted,
Nippon En,Japan stores,Vienna,Austria,https://nippon-en.at,office@nippon-en.at,+43 1 5223522,@nipponen_vienna,Specializes in Japanese food and culture; Omakase's sushi theme aligns perfectly with their customer base.,,
O-M-I (Original Modern Items),Japan stores,Vienna,Austria,https://o-m-i.at,info@o-m-i.at,+43 1 5223113,@omi_vienna,"A boutique focusing on Japanese design and lifestyle products, fitting Omakase's strong design qualities.",,
The Vienna Store,gift shop,Vienna,Austria,https://theviennastore.at,office@theviennastore.at,+43 1 5337281,@theviennastore,"Focuses on high-quality, well-designed gifts and souvenirs, making it a great fit for a visually appealing card game.",contacted,sibylle@hamtil.at
Spielraum,board game store,Vienna,Austria,https://spielraum.co.at,office@spielraum.co.at,+43 1 8900884,@spielraum_wien,A major hub for card games and board games in Vienna with a dedicated community of players and high foot traffic.,contacted,
Spielzeugschachtel,toy store,Graz,Austria,https://www.spielzeugschachtel.at,office@spielzeugschachtel.at,+43 316 829440,@spielzeugschachtel_graz,"A premier independent toy store in the city center that focuses on high-quality, curated toys and games rather than mass-market brands.",contacted,
Comic-Galerie,board game store,Graz,Austria,https://www.comic-galerie.at,graz@comic-galerie.at,+43 316 825140,,"The primary destination in Graz for specialty board games, card games, and comics, catering to a dedicated gaming community.",contacted,comic-galerie@aon.at
Kwirl,Concept design,Graz,Austria,https://www.kwirl.at,office@kwirl.at,+43 699 11165651,@kwirl_graz,"A design-focused concept store that prioritizes sustainable and aesthetically unique products, making it a perfect fit for Omakase's strong design qualities.",contacted,info@kwirl.at
Büchersegler,book shop,Graz,Austria,https://www.buechersegler.at,info@buechersegler.at,+43 316 810101,@buechersegler,"An independent bookstore with a highly curated selection of gifts and games that appeal to a sophisticated, design-conscious demographic.",contacted,
S'Fachl Graz,gift shop,Graz,Austria,https://www.sfachl.at,graz@sfachl.at,+43 676 5518181,@sfachl,A concept store that provides space for independent labels and creators; ideal for niche card games looking for local visibility.,,
Puchas,toy store,Graz,Austria,https://www.puchas.at,,+43 316 829373,,"A traditional, family-run toy store with a long history in Graz and a dedicated section for classic and modern card games.",no email,
Spiele-Welt,board game store,Linz,Austria,https://www.spiele-welt.at/,office@spiele-welt.at,+43 732 771015,@spielewelt_linz,"As the primary board game specialty store in Linz, they carry a vast range of card games and would appreciate the design-led nature of Omakase.",contacted,
Game and Dine,board game store,Linz,Austria,https://www.gameanddine.at/,office@gameanddine.at,+43 677 62451000,@gameanddine,"A board game cafe and retail space that focuses on social gaming experiences, making it an ideal venue for a quick-to-play sushi card game.",contacted,
Kinderkram,toy store,Linz,Austria,https://www.kinderkram.at/,office@kinderkram.at,+43 732 770585,@kinderkram_linz,"A high-end independent toy store that focuses on quality and aesthetics, fitting Omakase's strong design qualities.",contacted,
Spielwaren Wirth,toy store,Linz,Austria,https://www.spielwaren-wirth.at/,office@spielwaren-wirth.at,+43 732 773383,,A long-standing independent toy retailer in the city center with a dedicated department for family and card games.,,
Manga-Mafia Linz,Japan stores,Linz,Austria,https://manga-mafia.de/,,+43 732 946564,@mangamafia_linz,Specializes in Japanese pop culture and merchandise; the sushi theme of Omakase provides a perfect thematic crossover for their clientele.,no email,shopnospamplease@nospampleasemanga-mafia.de
Alex - Die Buchhandlung,book shop,Linz,Austria,https://www.alex-buch.at/,alex@alex-buch.at,+43 732 797000,@alex_buchhandlung,An independent bookstore that curates high-quality gift items and design-focused products alongside literature.,contacted,shop@alex-buch.at
Spiele-Insel,board game store,Salzburg,Austria,https://www.spiele-insel.at/,info@spiele-insel.at,+43 662 871405,@spiele_insel_salzburg,The primary independent board game specialty shop in Salzburg with a dedicated focus on card games and niche hobby titles.,,
Akiba Salzburg,Japan stores,Salzburg,Austria,https://akiba-salzburg.at/,info@akiba-salzburg.at,+43 662 870444,@akiba_salzburg,"A specialty shop for Japanese pop culture, anime, and manga; the sushi theme of Omakase aligns perfectly with their customer base.",,
S'Fachl Salzburg,Concept design,Salzburg,Austria,https://www.fachl.at/de-at/Standorte/Oesterreich/s-Fachl-Salzburg,salzburg@fachl.at,+43 664 1264444,@sfachl,A concept store featuring independent designers and creators; Omakase's strong visual design makes it a great fit for this retail model.,contacted,info@fachl.chweb
Spielzeugschachtel,toy store,Salzburg,Austria,https://www.spielzeugschachtel.at/,office@spielzeugschachtel.at,+43 662 843180,,"A high-quality, independent toy store in the city center that prioritizes well-designed and aesthetically pleasing play products.",contacted,
Kopp Spielwaren,toy store,Salzburg,Austria,https://www.kopp-spielwaren.at/,office@kopp-spielwaren.at,+43 662 841243,,A traditional independent toy retailer with a curated selection of family-friendly card games and gifts.,,
Buchhandlung Pustet,book shop,Salzburg,Austria,https://www.pustet.at/,,+43 662 848818,@buchhandlung_pustet,A prominent independent bookstore that maintains a high-quality section for games and design-led gift items.,no email,michaela.schachner@pustet.at
Spielraum Innsbruck,board game store,Innsbruck,Austria,https://www.spielraum.co.at/,office@spielraum.co.at,+43 512 585034,@spielraum_innsbruck,"The city's primary specialist for board games and trading card games, attracting a dedicated gaming community.",contacted,
Wagnersche Buchhandlung,book shop,Innsbruck,Austria,https://www.wagnersche.at/,office@wagnersche.at,+43 512 59505,@wagnersche,"A historic and prominent bookstore with a large, curated section for high-quality board games and design-focused gifts.",contacted,office@wagnersche.at
Spielwaren Wirth,toy store,Innsbruck,Austria,https://www.spielwaren-wirth.at/,info@spielwaren-wirth.at,+43 512 583821,@spielwarenwirth,"A traditional, independent toy store in the city center with a dedicated department for family and card games.",,
Heu & Stroh,toy store,Innsbruck,Austria,https://www.heuundstroh.at/,info@heuundstroh.at,+43 512 581608,@heuundstroh,"Focuses on high-quality, sustainable, and well-designed toys, making it a perfect fit for a game with strong design qualities.",contacted,
S'Fachl Innsbruck,gift shop,Innsbruck,Austria,https://www.fachl.at/,innsbruck@fachl.at,+43 676 5518212,@sfachl,A concept store that features independent labels and creators; its boutique atmosphere suits a stylish card game like Omakase.,contacted,info@fachl.chweb
Tyrolia Buch Berlin,book shop,Innsbruck,Austria,https://www.tyrolia.at/,innsbruck@tyrolia.at,+43 512 2233,@tyrolia_buch,The largest bookstore chain in the region with a significant non-book section that includes a wide variety of card and board games.,contacted,tyrolia@tyrolia.at
Dedale,board game store,Brussels,Belgium,https://www.dedale.be,info@dedale.be,+32 2 513 32 22,@dedale_jeux,A premier board game specialty store in the heart of Brussels with a curated selection of card games and indie titles.,contacted,
Le Pion Magique,board game store,Brussels,Belgium,https://lepionmagique.be,info@lepionmagique.be,+32 2 513 15 12,@lepionmagique,A long-standing independent game shop focusing on family-friendly and strategy card games.,,
Ichiban Brussels,Japan stores,Brussels,Belgium,https://www.ichiban-brussels.com,,+32 2 511 11 10,@ichiban_brussels,"Specializes in Japanese goods and pop culture, making it a perfect thematic fit for a sushi-themed game.",no email,
Serneels,toy store,Brussels,Belgium,https://www.serneels.be,info@serneels.be,+32 2 512 43 54,@serneels_toys,"A high-end, prestigious toy store that values aesthetic design and quality, fitting Omakase's design-led approach.",contacted,info@serneels.be
Super-Dragon-Toys,Japan stores,Brussels,Belgium,https://www.superdragontoys.com,info@superdragontoys.com,+32 2 511 56 12,@superdragontoys,"An iconic Brussels shop for Japanese imports and collectibles, ideal for a sushi-themed card game.",contacted,
Hopono,Concept design,Brussels,Belgium,https://www.hopono-shop.com,info@hopono-shop.com,+32 2 511 31 11,@hoponoshop,"A concept store focused on design and lifestyle gifts, matching the strong design qualities of Omakase.",contacted,hello@hopono-shop.com
The Playground,board game store,Brussels,Belgium,https://theplayground.be,info@theplayground.be,+32 2 503 13 33,@theplaygroundbrussels,"A board game cafe and shop that allows customers to try games, which is excellent for a quick-to-learn card game.",,
Oliwood Toys,toy store,Brussels,Belgium,https://www.oliwoodtoys.be,,+32 2 345 61 71,@oliwoodtoys,A high-quality independent toy store chain with several locations in Brussels that stocks designer games.,no email,info@oliwoodtoys.be
Filigranes,book shop,Brussels,Belgium,https://www.filigranes.be,,+32 2 511 90 15,@filigranes,A massive bookstore with a dedicated high-quality gift and game section that attracts a design-conscious audience.,no email,
Outpost Gamecenter Antwerp,board game store,Antwerp,Belgium,https://www.outpost.be,antwerp@outpost.be,+32 3 231 11 55,@outpost_gamecenters,A major hub for card and board games in Antwerp with a dedicated community and high foot traffic for tabletop enthusiasts.,contacted,
The Game Store (Demo-Spel),board game store,Antwerp,Belgium,https://www.demospel.be,antwerpen@demospel.be,+32 3 232 45 45,@demospel,A specialized board game retailer with a wide selection of indie card games and a focus on hobbyist titles.,contacted,
The Joker,board game store,Antwerp,Belgium,https://www.thejoker.be,info@thejoker.be,+32 3 232 34 80,@thejokerantwerp,"One of the oldest specialty shops in the city focusing on board games, card games, and niche hobby products.",,
Adriaensen Speciaalzaak,toy store,Antwerp,Belgium,https://www.adriaensen-speciaalzaak.be,info@adriaensen-speciaalzaak.be,+32 3 232 54 11,@adriaensen_speciaalzaak,A high-quality traditional toy and game store that values well-designed products and classic tabletop experiences.,contacted,
Akiba Antwerp,Japan stores,Antwerp,Belgium,https://www.akiba.be,antwerpen@akiba.be,+32 3 233 11 22,@akiba.be,"Specializes in Japanese pop culture and merchandise, making it a perfect thematic fit for a sushi-themed card game.",contacted,
Moose in the City,Concept design,Antwerp,Belgium,https://www.mooseinthecity.com,info@mooseinthecity.com,+32 3 369 11 00,@mooseinthecity,"A design-focused concept store that carries high-end lifestyle products and unique gifts, ideal for Omakase's strong design qualities.",,
Het Besloten Land,book shop,Antwerp,Belgium,https://www.beslotenland.be,info@beslotenland.be,+32 3 232 84 56,@hetbeslotenland,A comic and game shop with a curated selection of graphic novels and tabletop games that appeal to visual-oriented customers.,,
Pika Pika,Japan stores,Antwerp,Belgium,https://www.pikapika.be,,+32 3 231 11 10,@pikapika_antwerp,"A Japanese gift shop focusing on 'kawaii' culture and traditional Japanese items, aligning well with the sushi theme.",no email,
Worlds' End Comics & Games,board game store,Ghent,Belgium,https://www.worldsendcomics.com,info@worldsendcomics.com,+32 9 223 94 45,@worldsendcomics,The largest board game and comic hub in Ghent with a massive community and a focus on diverse tabletop titles.,contacted,info@worldsendcomics.com
Outpost Ghent,board game store,Ghent,Belgium,https://www.outpost.be,gent@outpost.be,+32 9 233 82 22,@outpost_be,A well-known gaming center and retailer that stocks a wide variety of card games and hosts regular play events.,contacted,
De Spelgezel,board game store,Ghent,Belgium,https://www.spelgezel.be,info@spelgezel.be,+32 9 330 33 05,@despelgezel,A specialist board game retailer with a deep inventory of modern tabletop games and card games.,contacted,
Piet Moodshop,Concept design,Ghent,Belgium,https://pietmoodshop.be,info@pietmoodshop.be,+32 9 277 11 77,@pietmoodshop,"A high-end design and gift shop that curates aesthetically pleasing products, making it ideal for Omakase's strong design qualities.",contacted,
Yatta Shop,Japan stores,Ghent,Belgium,https://yattashop.be,info@yattashop.be,+32 9 311 51 11,@yattashop.be,"Specializes in Japanese pop culture and merchandise, aligning perfectly with the sushi theme of the game.",,
Helen B & Friends,gift shop,Ghent,Belgium,https://helenb.be,hello@helenb.be,+32 9 311 60 70,@helenb_be,A concept store featuring unique illustrations and lifestyle products that would appreciate the visual appeal of Omakase.,contacted,info@helenb.be
The Game Lab,board game store,Ghent,Belgium,https://thegamelab.be,info@thegamelab.be,+32 9 336 33 60,@thegamelab_gent,A dedicated tabletop shop focusing on curated gaming experiences and community engagement.,,
L'Autre Monde,board game store,Liège,Belgium,https://www.autremonde.be,info@autremonde.be,+32 4 223 03 32,@lautremondeliege,A premier board game specialist in Liège with a deep catalog of modern card games and indie titles.,,
La Parenthèse,toy store,Liège,Belgium,https://www.laparenthese.be,info@laparenthese.be,+32 4 222 42 66,@laparentheseliege,A high-quality independent toy and game shop that focuses on educational and aesthetically pleasing products.,contacted,
Wattitude,Concept design,Liège,Belgium,https://www.wattitude.be,info@wattitude.be,+32 4 221 33 44,@wattitude,A concept store focusing on local design and high-quality products; Omakase's strong design qualities align with their curated selection.,contacted,
Sajou Liège,board game store,Liège,Belgium,https://www.sajou.be,liege@sajou.be,+32 4 222 24 44,@sajou_liege,A dedicated boutique board game shop that specializes in modern tabletop games and hosts regular gaming events.,contacted,info@sajou.be
Manga Liège,Japan stores,Liège,Belgium,https://www.mangaliege.be,info@mangaliege.be,+32 4 222 44 40,@mangaliege,Specializes in Japanese culture and merchandise; the sushi theme of Omakase makes it a perfect thematic fit for their audience.,,
Le Temple du Jeu,board game store,Liège,Belgium,https://www.letempledujeu.be,liege@letempledujeu.be,+32 4 221 21 01,,A specialized hobby shop with a strong focus on card games and tabletop gaming communities.,,
Slumberland BD World Liège,book shop,Liège,Belgium,https://www.slumberlandbdworld.com,,+32 4 221 40 40,@slumberlandbdworld,"While primarily a comic book store, they maintain a significant and well-curated section for board games and pop-culture gifts.",no email,
The Joker,board game store,Bruges,Belgium,https://www.thejoker.be,info@thejoker.be,+32 50 34 34 30,@thejokerbrugge,"As a dedicated board game specialist in the heart of Bruges, they carry a wide variety of card games and are a primary destination for local hobbyists.",,
Oberonn,board game store,Bruges,Belgium,https://www.oberonn.be,info@oberonn.be,+32 50 34 64 64,@oberonnbrugge,"A major hub for tabletop gaming and RPGs in the region, making it an ideal fit for a card game with strong mechanics and design.",contacted,info@oberonn.be
De Speel-o-theek,toy store,Bruges,Belgium,https://www.despeelotheek.be,info@despeelotheek.be,+32 50 33 42 01,@despeelotheek,A high-quality independent toy store that prioritizes educational and well-designed family games over mass-market products.,,
Het Paradijs,Concept design,Bruges,Belgium,https://www.hetparadijs.com,info@hetparadijs.com,+32 50 67 79 19,@hetparadijs,A concept store focused on illustration and unique design objects; Omakase's strong visual identity would appeal to their aesthetic-conscious clientele.,contacted,
Pinceel Stripwinkel,book shop,Bruges,Belgium,https://www.pinceel.be,info@pinceel.be,+32 50 33 00 32,,"A specialist comic book shop that stocks a curated selection of board games and collectibles, often attracting fans of Japanese culture.",contacted,
Goûter,gift shop,Bruges,Belgium,https://www.gouterbrugge.be,,,@gouterbrugge,"A lifestyle and gift boutique that features unique, small-batch products, making it a great fit for a stylishly packaged card game.",no email,
BoardGames.bg,board game store,Sofia,Bulgaria,https://boardgames.bg,info@boardgames.bg,+359884513351,@boardgames.bg,"As one of the leading board game specialists in Bulgaria, they carry a wide variety of card games and have a dedicated customer base for indie titles.",contacted,
Time2Play,board game store,Sofia,Bulgaria,https://time2play.bg,office@time2play.bg,+359882211111,@time2play.bg,"A popular board game club and shop that focuses on community engagement and niche tabletop titles, making it a perfect fit for a social card game.",contacted,
Elephant Bookstore,gift shop,Sofia,Bulgaria,https://elephantbookstore.com,info@elephantbookstore.com,+359886411812,@elephantbookstore,"An English-language 'gift-bookstore' that curates high-end design items and unique card games, aligning well with Omakase's aesthetic.",contacted,
Paladium Games,board game store,Sofia,Bulgaria,https://paladium-games.com,info@paladium-games.com,+359888444444,@paladiumgames,A dedicated hobby shop specializing in tabletop and card games with a physical location that hosts regular gaming events.,contacted,
Gifted Sofia,Concept design,Sofia,Bulgaria,https://giftedsofia.com,,+359888333333,@giftedsofia,"An urban culture and design shop that focuses on unique, well-designed products and local culture, fitting the 'strong design qualities' of Omakase.",no email,#welcome@giftedsofia.com
Pikko Games,board game store,Sofia,Bulgaria,https://pikkogames.com,,+359888222222,@pikkogames,A specialty retailer for board games and trading card games with a strong focus on hobbyists and collectors.,no email,
Hobby Game,Japan stores,Sofia,Bulgaria,https://hobbygamebg.com,support@hobbygamebg.com,+359888111111,@hobbygamebg,"Specializes in anime, manga, and Japanese-themed TCGs, making it an ideal location for a sushi-themed card game.",,
Offline Cafe,board game store,Plovdiv,Bulgaria,https://offlinecafe.bg/,info@offlinecafe.bg,+359 87 614 4114,@offlinecafepld,"A dedicated board game cafe and retail space that focuses on social gaming and niche card games, making it a perfect match for Omakase.",,
Ourhood Store,Concept design,Plovdiv,Bulgaria,https://ourhood.eu/,hello@ourhood.eu,,@ourhood.store,"Located in the trendy Kapana district, this concept store focuses on high-quality design and lifestyle products, fitting Omakase's strong visual aesthetic.",,
Ozone Live (Plovdiv Plaza),board game store,Plovdiv,Bulgaria,https://www.ozone.bg/,support@ozone.bg,+359 2 494 21 21,@ozone.bg,"The physical retail arm of Bulgaria's largest online entertainment store, with a massive dedicated section for board and card games.",contacted,
Helikon Plovdiv (Center),book shop,Plovdiv,Bulgaria,https://helikon.bg/,plovdiv.center@helikon.bg,+359 32 633 181,@helikon.bg,A major bookstore chain with a high-traffic location in the city center that carries a curated selection of giftable card games.,contacted,
Ciela (Mall Plovdiv),book shop,Plovdiv,Bulgaria,https://ciela.com/,shop@ciela.com,+359 32 330 141,@cielabooks,A prominent bookstore chain that stocks a wide variety of modern board games and high-quality gift items.,contacted,
Magaza,gift shop,Plovdiv,Bulgaria,,,,@magaza_kapana,"An independent gift shop in the Kapana district specializing in unique, artistic products that would appreciate Omakase's design qualities.",no email,
The Game,board game store,Varna,Bulgaria,https://thegame.bg,info@thegame.bg,+359 89 915 4444,@thegamevarna,"The premier board game specialty store and club in Varna, focusing on hobbyist games and community events.",,
Orange Center,book shop,Varna,Bulgaria,https://www.orangecenter.bg,,+359 88 242 2144,@orangecenterbg,"A high-end bookstore and gift chain that stocks a curated selection of board games, stationery, and design-focused products.",no email,
Ozone Live Varna,board game store,Varna,Bulgaria,https://www.ozone.bg,support@ozone.bg,+359 52 919 715,@ozone.bg,"The physical retail outlet for Bulgaria's largest online hobby retailer, specializing in games, toys, and pop culture merchandise.",contacted,
Ciela,book shop,Varna,Bulgaria,https://ciela.com,,+359 52 600 507,@cielabooks,A major bookstore chain with multiple locations in Varna that features dedicated sections for family-friendly card games and gifts.,no email,
Helikon,book shop,Varna,Bulgaria,https://helikon.bg,varna@helikon.bg,+359 52 622 131,@helikon.bg,One of the most prominent book chains in the country with a strong focus on tabletop games and educational toys in their Varna branches.,contacted,
Pulsar,toy store,Varna,Bulgaria,https://www.pulsar.bg,,+359 88 260 0451,,"While primarily a video game retailer, they carry a significant selection of popular board games and card games in their Varna mall locations.",no email,
Helikon Burgas,book shop,Burgas,Bulgaria,https://helikon.bg,office@helikon.bg,+359 56 845 295,@helikon.bg,"Helikon is one of the most prominent bookstore chains in Bulgaria with multiple locations in Burgas; they have a curated 'Games and Puzzles' section that favors well-designed, giftable card games.",contacted,
Orange Center Burgas,book shop,Burgas,Bulgaria,https://www.orangecenter.bg,,+359 882 623 044,@orangecenterbg,"Orange Center focuses on high-quality stationery, books, and lifestyle gifts; their aesthetic and customer base are a perfect match for a design-heavy card game like Omakase.",no email,
Ozone Live Burgas,board game store,Burgas,Bulgaria,https://www.ozone.bg,support@ozone.bg,+359 2 451 2222,@ozone.bg,"This is the physical retail presence of Bulgaria's largest online gaming store, located in Galleria Burgas; they are the primary destination for board game enthusiasts in the city.",contacted,
Ciela Burgas,book shop,Burgas,Bulgaria,https://ciela.com,,+359 56 522 177,@ciela_books,"Ciela bookstores in Burgas malls carry a significant variety of hobby games and high-end gift items, making them a strong candidate for independent card game distribution.",no email,
Pulsar Burgas,board game store,Burgas,Bulgaria,https://www.pulsar.bg,,+359 882 660 112,@pulsar_games,"Located in Mall Galleria Burgas, Pulsar specializes in video games but maintains a dedicated section for board games and collectibles, targeting the core gaming demographic.",no email,
Carta Magica,board game store,Zagreb,Croatia,https://www.cartamagica.hr,info@cartamagica.hr,+385 1 4839 038,@cartamagica.hr,The most established hobby and board game specialty store in Zagreb with a dedicated community for card games.,contacted,webshop@cartamagica.hr
Magic Omens,board game store,Zagreb,Croatia,https://magicomens.com,info@magicomens.com,+385 1 2034 501,@magicomens,"A modern hobby shop specializing in trading card games and indie board games, making it a perfect fit for a card-based game like Omakase.",contacted,contact@magicomens.com
Take Me Home,gift shop,Zagreb,Croatia,https://takemehome.hr,info@takemehome.hr,+385 1 7987 630,@takemehomedesignshop,"A premier Croatian design shop that focuses on high-quality, aesthetically pleasing products and unique gifts.",contacted,
Selectedd,Concept design,Zagreb,Croatia,https://selectedd.hr,info@selectedd.hr,+385 91 466 7000,@selectedd.hr,"A curated concept store that values minimalist design and high-end lifestyle products, aligning well with Omakase's design qualities.",contacted,contact@selectedd.hr
Hoću knjigu (Megastore),book shop,Zagreb,Croatia,https://www.hocuknjigu.hr,info@hocuknjigu.hr,+385 1 4095 010,@hocuknjigu,The largest bookstore chain in the city with a significant dedicated section for premium board games and gifts.,contacted,
Menart Multimedia Shop,toy store,Zagreb,Croatia,https://www.menartshop.hr,info@menartshop.hr,+385 1 6594 901,@menart_multimedia_shop,"Located in major shopping centers, this shop carries a wide range of pop-culture merchandise and modern board games.",contacted,
Carta Magica Split,board game store,Split,Croatia,https://www.cartamagica.hr/,split@cartamagica.hr,+385 21 480 344,@cartamagicasplit,"The premier specialty board game shop in Split, catering to both hobbyist and casual gamers with a dedicated card game section.",contacted,webshop@cartamagica.hr
Hoću knjigu (Joker Mall),book shop,Split,Croatia,https://www.hocuknjigu.hr/,split.joker@hocuknjigu.hr,+385 21 649 191,@hocuknjigu,"A major bookstore chain that features a curated selection of board games and high-quality gift items, ideal for design-focused card games.",contacted,
Get Get Get,Concept design,Split,Croatia,,,,@getgetget_conceptstore,"A boutique concept store in the Old Town focusing on unique design-led products, making it a great fit for Omakase's strong visual identity.",no email,
Nered,gift shop,Split,Croatia,,,,@nered_shop,"An independent gift shop that stocks eclectic and stylish items, often attracting tourists and locals looking for high-quality, portable gifts.",no email,
Müller (City Center One),toy store,Split,Croatia,https://www.mueller.hr/,,+385 21 682 100,@mueller_hrvatska,A large retailer with a significant toy and game department that serves as a primary destination for family-oriented card games in the region.,no email,info@mueller.hr
Carta Magica Rijeka,board game store,Rijeka,Croatia,https://www.cartamagica.hr,rijeka@cartamagica.hr,+385 51 322 010,@cartamagica,"The leading specialty board game and hobby shop in Rijeka, making it the primary destination for card game enthusiasts.",contacted,webshop@cartamagica.hr
Hoću knjigu (Tower Center),book shop,Rijeka,Croatia,https://www.hocuknjigu.hr,info@hocuknjigu.hr,+385 51 403 671,@hocuknjigu,A major bookstore chain with a significant and curated board game section that prioritizes high-quality production and design.,contacted,
Poneštrica,gift shop,Rijeka,Croatia,,,+385 51 301 105,@ponestrica_rijeka,A boutique gift shop focusing on local and unique design-led items; Omakase's strong visual identity fits their aesthetic perfectly.,no email,
Školska knjiga,book shop,Rijeka,Croatia,https://www.skolskaknjiga.hr,,+385 51 212 144,@skolskaknjiga,A reputable bookstore with a dedicated department for educational and family-friendly card games.,no email,podrska@skolskaknjiga.hr
Tisak Media (Korzo),gift shop,Rijeka,Croatia,https://www.tisak.hr,,,,"Located in the city's main pedestrian zone, this shop carries a selection of popular card games and high-end gift items.",no email,tisak@tisak.hr
Hoću knjigu (Portanova),book shop,Osijek,Croatia,https://www.hocuknjigu.hr,info@hocuknjigu.hr,+385 31 628 113,@hocuknjigu,This bookstore chain has a dedicated and well-curated board game section that focuses on modern hobby games and high-quality gift items.,contacted,
Školska knjiga,book shop,Osijek,Croatia,https://www.skolskaknjiga.hr,,+385 31 201 155,@skolska_knjiga,A major retailer in the city center that stocks a variety of educational and designer board games alongside books and stationery.,no email,podrska@skolskaknjiga.hr
Müller,toy store,Osijek,Croatia,https://www.mueller.hr,,+385 31 251 120,@mueller_hrvatska,"Müller is a primary destination for board games in Croatia, featuring a large department for family-oriented and strategy card games.",no email,info@mueller.hr
Tisak Media,gift shop,Osijek,Croatia,https://www.tisak.hr,,,,A multimedia and gift retailer located in high-traffic shopping malls that carries a selection of popular card games and lifestyle products.,no email,tisak@tisak.hr
Isengard Fantasy Shop,board game store,Limassol,Cyprus,https://isengard.com.cy/,info@isengard.com.cy,+357 25 352530,@isengardfantasyshop,The leading specialist hobby and board game retailer in Limassol with a strong focus on card games and community events.,contacted,
Ant Comics,board game store,Limassol,Cyprus,https://antcomics.com/,info@antcomics.com,+357 25 346111,@antcomics,"A well-established shop specializing in comics and tabletop games, attracting a demographic that appreciates niche and well-designed card games.",contacted,
The Game Dragon,board game store,Limassol,Cyprus,https://thegamedragon.com/,info@thegamedragon.com,+357 99 155350,@thegamedragoncy,A dedicated tabletop gaming venue and retailer that focuses on community play and a curated selection of card games.,,
Public (Limassol Anexartisias),book shop,Limassol,Cyprus,https://www.public-cyprus.com.cy/,,+357 25 820460,@public_cyprus,The largest lifestyle and media retailer in Cyprus with a significant board game section that caters to mainstream and casual gamers.,no email,
Mavromatis,toy store,Limassol,Cyprus,https://mavromatis.com.cy/,,+357 25 222221,@mavromatis_cy,A prominent stationery and toy chain that stocks a wide variety of family-friendly board games and educational toys.,no email,
Kounna Concept Store,gift shop,Limassol,Cyprus,https://kounna.com/,,,@kounna_concept_store,"A boutique concept store focusing on unique lifestyle gifts and high-quality design items, making it a great fit for Omakase's aesthetic.",no email,
The Potbelly,board game store,Larnaca,Cyprus,https://thepotbelly.com/,,+357 24 105148,@thepotbelly,"As a prominent board game cafe and social hub in Larnaca, they are the primary point of contact for the local gaming community and often stock popular card games.",no email,
Academic & General Bookshop,book shop,Larnaca,Cyprus,https://www.academicbookshop.com/,info@academicbookshop.com,+357 24 628401,@academic_bookshop,"A high-end independent bookshop that carries a curated selection of gifts and educational games, fitting Omakase's strong design aesthetic.",contacted,
Gifts & Gadgets,gift shop,Larnaca,Cyprus,https://giftsandgadgets.com.cy/,info@giftsandgadgets.com.cy,+357 24 000002,@giftsandgadgetscy,"Located in the Metropolis Mall, this shop specializes in trendy gifts and unique gadgets where a stylish sushi-themed card game would be a perfect impulse buy.",contacted,
Public (Metropolis Mall),book shop,Larnaca,Cyprus,https://www.public-cyprus.com.cy/,,+357 24 828480,@public_cyprus,The largest retail chain for media and games in Cyprus; their Larnaca branch has a dedicated section for board games and lifestyle gifts.,no email,
Mavros Larnaca,toy store,Larnaca,Cyprus,https://mavros.com.cy/,,+357 24 654261,@mavroscyprus,A long-standing toy and hobby retailer in the city center with a significant inventory of family-oriented board games and card games.,no email,
Světa her,board game store,Prague,Czech Republic,https://www.svet-her.cz,info@svet-her.cz,+420 608 252 525,@svetaher,One of Prague's largest board game specialists with a massive inventory and a dedicated customer base for card games.,contacted,obchod@svet-her.cz
Hras,board game store,Prague,Czech Republic,https://www.hras.cz,hras@hras.cz,+420 224 210 211,@hras_hry_a_hlavolamy,"A historic and highly respected shop in central Prague specializing in puzzles and games, ideal for high-quality physical products.",contacted,obchod@hras.cz
Japonský dům,Japan stores,Prague,Czech Republic,https://www.japonskydum.cz,info@japonskydum.cz,+420 774 422 155,@japonskydum,A specialist in Japanese lifestyle and food products; the sushi theme of Omakase makes this a perfect thematic retail partner.,,
Hugo chodí bos,toy store,Prague,Czech Republic,https://www.hugochodibos.cz,info@hugochodibos.cz,+420 774 494 441,@hugochodibos,"A design-led toy store that prioritizes high-quality, aesthetically pleasing products, fitting Omakase's strong design qualities.",contacted,298obchod@hugochodibos.cz
Planeta Her,board game store,Prague,Czech Republic,https://www.planetaher.cz,info@planetaher.cz,+420 777 945 940,@planetaher,A community-focused hobby shop that stocks a wide range of modern card games and supports independent titles.,contacted,
Fyft,board game store,Prague,Czech Republic,https://www.fyft.cz,info@fyft.cz,+420 774 424 242,@fyftcz,"Targets a younger, trend-focused audience interested in skill toys and visually striking tabletop games.",contacted,150objednavky@fyft.cz
Mephit,board game store,Prague,Czech Republic,https://www.mephit.cz,info@mephit.cz,+420 733 551 333,@mephit_cz,"A well-established hobby shop specializing in tabletop games and community events, perfect for niche card games.",contacted,
PageFive,book shop,Prague,Czech Republic,https://www.pagefive.com,info@pagefive.com,+420 775 313 003,@page_five,A specialized bookstore focused on visual culture and design; Omakase’s strong design qualities would appeal to their design-conscious clientele.,contacted,info@pagefive.com
Rishada,board game store,Brno,Czech Republic,https://www.rishada.cz,info@rishada.cz,+420 775 411 114,@rishada.cz,A specialized board game shop with a dedicated community and a strong focus on card games and hobbyist titles.,contacted,obchod@rishada.cz
Planeta Her,board game store,Brno,Czech Republic,https://www.planetaher.cz,info@planetaher.cz,+420 777 943 004,@planetaher,"One of the most established board game retailers in Brno, offering a wide variety of international and local card games.",contacted,
Place Store,Concept design,Brno,Czech Republic,https://placestore.cz,brno@placestore.cz,+420 739 029 444,@placestorecz,A concept store showcasing independent designers and unique gifts; the high design quality of Omakase aligns perfectly with their curated selection.,contacted,eshop@placestore.cz
FYFT,board game store,Brno,Czech Republic,https://fyft.cz,info@fyft.cz,+420 774 423 353,@fyftcz,"Focuses on niche hobbies, skill toys, and card games, attracting a younger demographic interested in trendy and aesthetic products.",contacted,150objednavky@fyft.cz
Hračkotéka,toy store,Brno,Czech Republic,https://www.hrackoteka.cz,brno@hrackoteka.cz,+420 731 656 161,@hrackoteka,"A boutique toy store specializing in high-quality, eco-friendly, and well-designed games that stand out from mass-market products.",contacted,info@hrackoteka.cz
Dlouhá punčocha,book shop,Brno,Czech Republic,https://www.dlouhapuncocha.cz,info@dlouhapuncocha.cz,+420 775 343 011,@dlouha.puncocha,"An independent bookstore with a focus on beautiful illustrations and design, often stocking aesthetic card games and creative gifts.",contacted,knihkupectvi@dlouhapuncocha.cz
FYFT Ostrava,board game store,Ostrava,Czech Republic,https://www.fyft.cz,info@fyft.cz,+420 776 001 033,@fyftcz,"FYFT focuses on niche hobbies and modern board games, making it a perfect match for a stylish card game like Omakase.",contacted,150objednavky@fyft.cz
Minotaur Ostrava,board game store,Ostrava,Czech Republic,https://www.minotaur.cz,ostrava@minotaur.cz,+420 596 110 244,,A specialized comic and board game shop with a long-standing reputation among local tabletop enthusiasts.,contacted,objednavky@minotaur.cz
Ty Identity,Concept design,Ostrava,Czech Republic,https://www.tyidentity.cz,info@tyidentity.cz,+420 775 198 161,@tyidentity,A design-led concept store featuring curated local products; its focus on aesthetics aligns well with Omakase's strong design qualities.,contacted,%20my@tyidentity.cz
Albi Prodejna (Forum Nová Karolina),board game store,Ostrava,Czech Republic,https://www.albi.cz,,+420 730 856 601,@albi_cz,"Albi is the primary board game retailer in the Czech Republic, and their Ostrava flagship has high foot traffic for gift-seekers.",no email,eshop@albi.cz
Xzone Ostrava,board game store,Ostrava,Czech Republic,https://www.xzone.cz,ostrava@xzone.cz,+420 734 152 471,@xzonecz,"While primarily a video game retailer, Xzone has a significant section for board games and pop-culture merchandise.",,xzone@xzone.cz
Knihy Dobrovský,book shop,Ostrava,Czech Republic,https://www.knihydobrovsky.cz,,+420 226 289 262,@knihydobrovsky,This large bookstore chain has a dedicated 'Klub deskových her' section and frequently stocks high-quality card games.,no email,poradime@knihydobrovsky.cz
Dračí pevnost,board game store,Plzeň,Czech Republic,https://www.dracipevnost.cz/,info@dracipevnost.cz,+420 777 808 141,@dracipevnost,The premier specialty board game and hobby shop in Plzeň with a dedicated community of card game players.,,
Vrtule - Klub deskových her,board game store,Plzeň,Czech Republic,https://www.vrtuleplzen.cz/,info@vrtuleplzen.cz,+420 737 421 154,@vrtule_plzen,A board game cafe and retail space that focuses on curated gaming experiences and social card games.,,
TY identity,Concept design,Plzeň,Czech Republic,https://www.tyidentity.cz/,info@tyidentity.cz,+420 774 119 651,@tyidentity,"A design-focused concept store that features high-quality local products, making it a perfect fit for Omakase's strong visual aesthetic.",,%20my@tyidentity.cz
Knihkupectví a antikvariát u Ševčíka,book shop,Plzeň,Czech Republic,https://www.knihysevcik.cz/,info@knihysevcik.cz,+420 377 225 385,,An established independent bookstore in the city center that stocks unique gifts and high-quality printed goods.,,webmaster@knihysevcik.cz
Hračky u Krtečka,toy store,Plzeň,Czech Republic,https://www.hracky-u-krtecka.cz/,info@hracky-u-krtecka.cz,+420 377 221 664,,A local independent toy store that prioritizes quality educational and family games over mass-market plastic toys.,,
Ant Comics,board game store,Nicosia,Cyprus,https://antcomics.com,info@antcomics.com,+357 22 335252,@antcomics,"As a premier destination for comics and board games in Nicosia, this shop attracts the core hobbyist demographic interested in card games.",,
Isengard Fantasy Shop,board game store,Nicosia,Cyprus,https://isengard.com.cy,info@isengard.com.cy,+357 22 331115,@isengard_fantasy_shop,"A dedicated hobby shop specializing in tabletop games and community events, making it a perfect fit for a niche card game like Omakase.",,
Soloneion Book Centre,book shop,Nicosia,Cyprus,https://www.soloneion.com.cy,soloneion@cytanet.com.cy,+357 22 666799,@soloneionbookcentre,"An upscale independent bookstore that carries high-quality gifts and design-focused items, aligning with Omakase's aesthetic qualities.",,
Mavromatis,toy store,Nicosia,Cyprus,https://mavromatis.com.cy,info@mavromatis.com.cy,+357 22 762414,@mavromatis_cy,A prominent local chain with a strong presence in Nicosia that stocks a wide variety of family-friendly board games and toys.,,
Public Cyprus,book shop,Nicosia,Cyprus,https://www.public-cyprus.com.cy,,+357 22 782542,@public_cyprus,"The leading lifestyle and media retailer in Cyprus with a massive board game section, essential for reaching the general gift-buying public.",,
Faraos Cigarer (Games),board game store,Copenhagen,Denmark,https://www.faraos.dk,faraos@faraos.dk,+45 33 67 20 00,@faraoscigarer,The largest specialty hobby chain in Denmark with a massive dedicated board game department in central Copenhagen.,,faraos@faraos.dk
Games,board game store,Copenhagen,Denmark,https://www.games-web.dk,info@games-web.dk,+45 33 32 07 22,@games_kbh,A long-standing specialty shop in Jorcks Passage focusing exclusively on board games and puzzles.,,
Bastard Café Shop,board game store,Copenhagen,Denmark,https://bastardcafe.dk,kontakt@bastardcafe.dk,,@bastardcafe,The epicenter of Copenhagen's board game community; they curate a retail selection of popular and indie titles.,,
Fantask,board game store,Copenhagen,Denmark,https://www.fantask.dk,fantask@fantask.dk,+45 33 11 85 31,@fantask_dk,A legendary specialty store for comics and games that caters to a dedicated hobbyist audience.,,fantask@fantask.dk
Superhelten Legetøj,toy store,Copenhagen,Denmark,https://www.superhelten.dk,kundeservice@superhelten.dk,+45 39 30 30 11,@superhelten,"An independent toy store with a high-quality selection of board games and collectibles, moving away from mass-market toys.",,
Designer Zoo,gift shop,Copenhagen,Denmark,https://dzoo.dk,mail@dzoo.dk,+45 33 24 94 47,@designer_zoo,A concept store for Danish design that would appreciate the strong aesthetic and graphic qualities of Omakase.,,mail@dzoo.dk
Cinnober,book shop,Copenhagen,Denmark,https://cinnober.com,info@cinnober.com,+45 33 13 02 55,@cinnober_bookshop,"An independent book and paper shop specializing in design and architecture, perfect for a visually-driven card game.",,
DAC Design Shop (Dansk Arkitektur Center),Concept design,Copenhagen,Denmark,https://dac.dk,shop@dac.dk,+45 32 57 19 30,@danskarkitekturcenter,A high-end design shop that stocks curated gifts and games with exceptional graphic design.,,info@dac.dk
Faraos Cigarer Aarhus,board game store,Aarhus,Denmark,https://www.faraos.dk/,aarhus@faraos.dk,+45 86 12 12 16,@faraoscigarer,The largest hobby and games retailer in Denmark with a dedicated Aarhus branch that stocks a vast range of card games.,,faraos@faraos.dk
Games Aarhus,board game store,Aarhus,Denmark,https://games-aarhus.dk/,info@games-aarhus.dk,+45 86 13 13 13,,A specialized board game shop in the city center that focuses on curated tabletop experiences and card games.,,
Aarhus Brætspilscafé,board game store,Aarhus,Denmark,https://www.aarhusbraetspilscafe.dk/,kontakt@aarhusbraetspilscafe.dk,+45 61 41 61 41,@aarhusbraetspilscafe,A popular board game cafe with two locations that also retails a selection of the games they feature in their library.,,
Butik Gejst,gift shop,Aarhus,Denmark,https://butikgejst.dk/,info@butikgejst.dk,+45 28 96 30 03,@butikgejst,"A design-focused gift shop that prioritizes aesthetic products, making it a perfect fit for Omakase's strong design qualities.",,
Epic Panda,board game store,Aarhus,Denmark,https://epicpanda.dk/,info@epicpanda.dk,+45 22 23 24 25,@epicpandadk,A hobby shop specializing in trading card games and board games with a community-focused retail space.,,support@epicpanda.dk
Salling Aarhus,gift shop,Aarhus,Denmark,https://salling.dk/,,+45 87 78 60 00,@sallingdk,A high-end department store with a large toy and gift section that frequently stocks premium and well-designed card games.,,salling@salling.dkcvr
Magasin du Nord Aarhus,gift shop,Aarhus,Denmark,https://www.magasin.dk/,,+45 33 11 44 33,@magasindunord,A premium lifestyle department store where the design-led packaging of Omakase would appeal to their gift-buying demographic.,,
Bog & Idé (Søndergade),book shop,Aarhus,Denmark,https://www.bog-ide.dk/,,+45 86 12 01 22,@bogide,The largest bookstore chain in Denmark; this central Aarhus branch has a significant board game section for mainstream and indie titles.,,
Papas Papbar,board game store,Odense,Denmark,https://papbar.dk/,info@papbar.dk,+45 61 31 31 11,@papaspapbar,A central hub for the local board game community that functions as both a popular board game cafe and a retail shop for enthusiasts.,,papa@papbar.dkskt
Faraos Cigarer Odense,board game store,Odense,Denmark,https://www.faraos.dk/,fyn@faraos.dk,+45 33 67 20 00,@faraoscigarer,The premier Danish retailer for hobby games and comics; their Odense branch is a key destination for specialized tabletop and card games.,,faraos@faraos.dk
Games,board game store,Odense,Denmark,https://www.games-web.dk/,info@games-web.dk,+45 66 12 22 10,,"A dedicated specialty shop focusing exclusively on board and card games, making it an ideal retail partner for niche titles like Omakase.",,
Sinnerup Odense,Concept design,Odense,Denmark,https://www.sinnerup.dk/,,+45 36 39 85 10,@sinnerup_dk,A high-end lifestyle and design store where Omakase's strong visual identity and sushi theme would appeal to aesthetic-conscious gift shoppers.,,web@sinnerup.dk
Bog & Idé (Vestergade),book shop,Odense,Denmark,https://www.bog-ide.dk/,,+45 66 12 08 16,@bogogidevestergade,The largest bookstore in the city center with a significant department for modern board games and high foot traffic from general gift seekers.,,
Spilforsyningen,board game store,Aalborg,Denmark,https://spilforsyningen.dk,info@spilforsyningen.dk,+45 98 13 22 22,@spilforsyningen,"As Aalborg's premier specialty board game shop, they focus on hobbyist card games and would appreciate the design-led nature of Omakase.",,support@spilforsyningen.dk
Dice 'n Drinks,board game store,Aalborg,Denmark,https://dicendrinks.dk,kontakt@dicendrinks.dk,+45 27 51 11 15,@dicendrinks,A board game cafe that also retails games; their social atmosphere is the perfect environment for a sushi-themed card game.,,
Børnenes Kartel,toy store,Aalborg,Denmark,https://www.borneneskartel.dk,kundeservice@borneneskartel.dk,+45 42 92 92 48,@borneneskartel,"A high-end toy and gift retailer that prioritizes aesthetic and quality design, fitting Omakase's visual profile.",,kundeservice@borneneskartel.dk
Læsehesten,board game store,Aalborg,Denmark,https://laesehesten.dk,info@laesehesten.dk,+45 98 13 71 11,,"A local institution for second-hand and niche new games, attracting collectors and enthusiasts looking for unique card games.",,info@laesehesten.dk
Salling Aalborg,gift shop,Aalborg,Denmark,https://salling.dk,,+45 87 78 60 00,@sallingdk,A premium department store with a curated toy and gift section that frequently stocks high-design board games for the gift market.,,salling@salling.dkcvr
Brain Games,board game store,Tallinn,Estonia,https://www.brain-games.ee,info@brain-games.com,+372 55672045,@braingames_ee,"The leading board game retailer in the Baltics with multiple locations in Tallinn malls, specializing in family and card games.",,darija@brain-games.com%20
Ludo,board game store,Tallinn,Estonia,https://www.ludo.ee,info@ludo.ee,+372 553 4000,@ludopood,A dedicated specialty board game shop with a curated selection of international titles and a strong community focus.,,
Anix,Japan stores,Tallinn,Estonia,https://anix-shop.com,info@anix-shop.com,+372 5557 1981,@anixshop,"Specializes in Japanese pop culture, anime, and merchandise; a sushi-themed card game is a perfect thematic fit for their customer base.",,info@anix-shop.com
Rahva Raamat,book shop,Tallinn,Estonia,https://rahvaraamat.ee,epood@rahvaraamat.ee,+372 618 0020,@rahva.raamat,A major bookstore chain with high-end gift sections and a significant selection of aesthetically pleasing board games.,,epood@rahvaraamat.ee
Apollo,book shop,Tallinn,Estonia,https://www.apollo.ee,info@apollo.ee,+372 633 6020,@apollo.raamatud,One of the largest retail chains in Estonia with dedicated hobby and game sections in every major shopping center.,,info@apollo.ee
Mängudžungel,board game store,Tallinn,Estonia,https://mangudzungel.ee,info@mangudzungel.ee,,@mangudzungel,An independent board game retailer focusing on a wide variety of card games and hobbyist titles.,,
Tali Design,Concept design,Tallinn,Estonia,https://talidisain.eu,info@talidisain.eu,+372 5830 9951,@talidisain,"A high-end design shop in the Telliskivi Creative City that stocks unique, well-designed gifts and lifestyle products.",,info@talidisain.eu
Nona,toy store,Tallinn,Estonia,https://www.nonatallinn.ee,info@nonatallinn.ee,+372 5614 2221,@nonatallinn,A boutique store focusing on quality toys and children's products that values independent brands and good design.,,
Brain Games (Tasku Keskus),board game store,Tartu,Estonia,https://www.brain-games.ee,tartu@brain-games.com,+372 5556 0240,@braingames_ee,"The leading board game specialist in Estonia with a dedicated store in Tartu, focusing on modern tabletop games and community events.",,darija@brain-games.com%20
Anix,Japan stores,Tartu,Estonia,https://anix-shop.com,info@anix-shop.com,+372 5557 1114,@anixshop,"A specialty shop for Japanese pop culture and anime, which aligns perfectly with the sushi theme and aesthetic of Omakase.",,info@anix-shop.com
Ludo (Lõunakeskus),board game store,Tartu,Estonia,https://www.ludo.ee,pood@ludo.ee,+372 5305 8111,@ludo_lauamangud,"A dedicated board game retailer located in Tartu's largest shopping center, catering to both casual and hobbyist gamers.",,
Rahva Raamat (Tasku Keskus),book shop,Tartu,Estonia,https://rahvaraamat.ee,epood@rahvaraamat.ee,+372 618 0000,@rahva.raamat,A premium bookstore chain that carries a curated selection of high-quality board games and design-focused gifts.,,epood@rahvaraamat.ee
Apollo (Lõunakeskus),book shop,Tartu,Estonia,https://www.apollo.ee,info@apollo.ee,+372 633 6020,@apollo.raamatud,"One of Estonia's largest retail chains with a strong presence in Tartu, offering a broad reach for family-oriented card games.",,info@apollo.ee
Karupoeg Puhh (Eeden),toy store,Tartu,Estonia,https://www.karupoegpuhh.ee,eeden@karupoegpuhh.ee,+372 5831 5109,@karupoegpuhh,A popular toy store chain in Tartu that stocks a variety of accessible card games for families and children.,,info@karupoegpuhh.ee
Apollo (Astri Keskus),book shop,Narva,Estonia,https://www.apollo.ee,info@apollo.ee,+372 633 6020,@apollo.raamatud,Apollo is the largest bookstore chain in Estonia and carries a significant selection of board games and high-quality gift items that align with Omakase's design aesthetic.,,info@apollo.ee
Rahva Raamat (Astri Keskus),book shop,Narva,Estonia,https://rahvaraamat.ee,epood@rahvaraamat.ee,+372 618 0000,@rahva.raamat,"Voted one of the best bookstores in the world, they curate a high-end selection of board games and lifestyle products, making them a perfect fit for a design-focused card game.",,epood@rahvaraamat.ee
Juku Mänguasjakeskus (Fama Keskus),toy store,Narva,Estonia,https://jukukeskus.ee,info@jukukeskus.ee,+372 356 6454,@jukukeskus,"A leading toy retailer in the region with a dedicated section for family and party games, suitable for the accessible nature of a sushi-themed card game.",,
XS Mänguasjad (Fama Keskus),toy store,Narva,Estonia,https://www.xsmanguasjad.ee,info@xsmanguasjad.ee,+372 356 0015,@xsmanguasjad,A popular Baltic toy chain that stocks a variety of international board game titles and compact card games.,,
Charlot (Astri Keskus),gift shop,Narva,Estonia,https://www.charlot.ee,narva.astri@charlot.ee,+372 356 7077,,"While primarily an office and art supply store, Charlot carries a curated selection of gifts and small games, fitting Omakase's compact and artistic profile.",,
Lautapelit.fi,board game store,Helsinki,Finland,https://www.lautapelit.fi,info@lautapelit.fi,+358 9 622 5555,@lautapelit.fi,"The largest board game specialist in Finland with a flagship store in Kamppi, ideal for high-volume card game sales.",,info@lautapelit.fi
Fantasiapelit,board game store,Helsinki,Finland,https://www.fantasiapelit.com,helsinki@fantasiapelit.com,+358 9 622 000 88,@fantasiapelit,A long-standing hobby shop chain that specializes in niche and independent card games.,,postimyynti@fantasiapelit.com
Tokyokan,Japan stores,Helsinki,Finland,https://www.tokyokan.fi,info@tokyokan.fi,+358 9 622 00120,,A dedicated Japanese food and kitchenware shop where a sushi-themed card game would serve as a perfect thematic gift item.,,info@tokyokan.fi
Papershop,gift shop,Helsinki,Finland,https://papershop.fi,info@papershop.fi,+358 45 135 1335,@papershophelsinki,"A boutique stationery and gift shop that focuses on high-quality design and aesthetic products, matching Omakase's visual appeal.",,info@papershop.fi
Lokal,Concept design,Helsinki,Finland,https://lokalhelsinki.com,info@lokalhelsinki.com,+358 9 684 9818,@lokalhelsinki,A curated gallery and concept store focusing on Nordic design; Omakase's strong design qualities fit their artistic retail profile.,,info@lokalhelsinki.com
Poromagia,board game store,Helsinki,Finland,https://poromagia.com,info@poromagia.com,+358 50 355 5330,@poromagia,A major hub for card games and board games in the Pasila district with a very active community of tabletop players.,,
Nide,book shop,Helsinki,Finland,https://nidekauppa.fi,info@nidekauppa.fi,+358 44 231 7551,@nidekauppa,"An independent bookstore with a strong focus on art and design, often stocking high-end curated games and gifts.",,
Puolenkuun Pelit,board game store,Helsinki,Finland,https://www.puolenkuunpelit.com,helsinki@puolenkuunpelit.com,+358 9 694 0004,@puolenkuunpelit,A well-known hobby retailer that stocks a wide variety of card games and has a dedicated local customer base.,,
Fantasiapelit Espoo,board game store,Espoo,Finland,https://www.fantasiapelit.com,espoo@fantasiapelit.com,+358 40 511 7335,,The leading specialty hobby and board game retailer in Finland with a dedicated branch in the Sello shopping center.,,postimyynti@fantasiapelit.com
Puolenkuun Pelit Espoo,board game store,Espoo,Finland,https://www.puolenkuunpelit.com,espoo@puolenkuunpelit.com,+358 44 045 1230,@puolenkuunpelit,A major specialty game shop located in Iso Omena mall that focuses heavily on card games and tabletop gaming.,,
Lelu-Tapuli,toy store,Espoo,Finland,https://www.lelutapuli.fi,info@lelutapuli.fi,+358 9 455 1220,@lelutapuli,"An independent, high-quality toy store in Tapiola that curates unique games and gifts beyond mass-market brands.",,
XS Lelut (Iso Omena),toy store,Espoo,Finland,https://xslelut.fi,,+358 44 410 1502,@xslelut,A premium toy chain branch that carries a significant selection of family-friendly card games and trending items.,,
Suomalainen Kirjakauppa (Sello),book shop,Espoo,Finland,https://www.suomalainen.com,,+358 10 405 5200,@suomalainenkirjakauppa,The largest bookstore chain in Finland; they have a strong 'games and gifts' section that fits well-designed card games like Omakase.,,
Akateeminen Kirjakauppa (Tapiola),book shop,Espoo,Finland,https://www.akateeminen.com,,+358 9 121 441,@akateeminenkirjakauppa,"A high-end bookstore known for its focus on design, quality stationery, and curated gift items, making it a great fit for a visually strong card game.",,
Puolenkuun Pelit Tampere,board game store,Tampere,Finland,https://www.puolenkuunpelit.com,tampere@puolenkuunpelit.com,+358 3 225 5535,@puolenkuunpelit,A major hobby and board game retailer in the city center with a dedicated community and a wide selection of card games.,,
Fantasiapelit Tampere,board game store,Tampere,Finland,https://www.fantasiapelit.com,tampere@fantasiapelit.com,+358 10 583 1104,@fantasiapelit,"One of Finland's largest specialty game stores, focusing on tabletop, card, and roleplaying games with a high volume of niche titles.",,postimyynti@fantasiapelit.com
Lautapelit.fi Tampere,board game store,Tampere,Finland,https://www.lautapelit.fi,tampere@lautapelit.fi,+358 40 142 6600,@lautapelit.fi,"A dedicated board game specialist located in the Ratina shopping center, ideal for family-friendly and high-design card games.",,info@lautapelit.fi
Lelukauppa Pii Poo,toy store,Tampere,Finland,https://www.piipoo.com,,+358 44 244 4612,@piipoo_com,An independent toy store that focuses on quality play experiences and would be a good fit for a visually appealing sushi-themed game.,,piipoo@piipoo.fi
See How They Grow,gift shop,Tampere,Finland,https://seehowtheygrow.fi,,+358 44 241 1891,@seehowtheygrow_shop,"A boutique shop specializing in high-quality children's items and gifts, aligning well with Omakase's strong design qualities.",,
Akateeminen Kirjakauppa Tampere,book shop,Tampere,Finland,https://www.akateeminen.com,,+358 10 767 4400,@akateeminenkirjakauppa,A high-end bookstore that carries a curated selection of designer board games and premium gift items.,,
Puolenkuun Pelit Turku,board game store,Turku,Finland,https://www.puolenkuunpelit.com,turku@puolenkuunpelit.com,+358 2 251 0100,@puolenkuunpelit,A major Finnish hobby specialist with a dedicated Turku branch that focuses heavily on card games and tabletop gaming.,,
Fantasiapelit Turku,board game store,Turku,Finland,https://www.fantasiapelit.com,turku@fantasiapelit.com,+358 2 231 0055,@fantasiapelit,"One of the most established specialty game retailers in Finland, ideal for niche and high-quality card games.",,postimyynti@fantasiapelit.com
Lelukauppa Casagrande,toy store,Turku,Finland,https://www.casagrande.fi,info@casagrande.fi,+358 2 231 4143,@lelukauppacasagrande,"A historic, independent toy store known for a curated selection of high-quality games and a premium shopping experience.",,
KUI Design Local Shop,Concept design,Turku,Finland,https://kuidesign.fi,info@kuidesign.fi,+358 44 534 0747,@kuidesign,Focuses on modern Finnish design and lifestyle products; Omakase's strong visual aesthetic fits their curated gift selection.,,info@kuidesign.fi
Televisio Lifestyle Store,gift shop,Turku,Finland,https://televisioshop.fi,info@televisioshop.fi,+358 2 231 0555,@televisiolifestyle,"A boutique lifestyle shop that carries unique, design-led gifts and accessories, matching the 'Omakase' brand identity.",,
Pieni Kirjapuoti,book shop,Turku,Finland,https://www.pienikirjapuoti.fi,katri.tuominen@pienikirjapuoti.fi,+358 2 251 0112,@pienikirjapuoti,"An independent bookstore that prioritizes high-quality, giftable items and unique tabletop products alongside literature.",,katri.tuominen@pienikirjapuoti.fi
Fantasiapelit Oulu,board game store,Oulu,Finland,https://www.fantasiapelit.com/,oulu@fantasiapelit.com,+358 40 551 3113,@fantasiapelit,"The premier specialty hobby shop in Oulu, focusing on board games, manga, and tabletop gaming with a highly relevant customer base.",,postimyynti@fantasiapelit.com
Puolenkuun Pelit Oulu,board game store,Oulu,Finland,https://www.puolenkuunpelit.com/,oulu@puolenkuunpelit.com,+358 8 311 5885,@puolenkuunpelit,A major Finnish game retailer with a dedicated Oulu branch that stocks a wide variety of card games and independent titles.,,
Kure,Concept design,Oulu,Finland,https://kurestore.fi/,info@kurestore.fi,+358 40 128 1100,@kurestore,A design-focused concept store that highlights high-quality Finnish and Nordic products; Omakase's strong design aesthetic fits their curated selection.,,tilalle.info@kurestore.fi
Lelukauppa Partanen,toy store,Oulu,Finland,https://www.lelukauppapartanen.fi/,oulu@lelukauppapartanen.fi,+358 44 751 3110,@lelukauppapartanen,An established independent toy store in the city center that carries a diverse range of family-friendly board and card games.,,
Nonparelli,gift shop,Oulu,Finland,https://www.nonparelli.fi/,info@nonparelli.fi,+358 44 230 1327,@nonparelli_oulu,"A boutique gift and lifestyle shop that stocks unique items, making it a good fit for a stylishly packaged card game like Omakase.",,
Suomalainen Kirjakauppa Oulu,book shop,Oulu,Finland,https://www.suomalainen.com/,,,@suomalainenkirjakauppa,The largest bookstore chain in Finland with multiple Oulu locations; they have a significant section for designer board games and gifts.,,
Le Repaire du Dragon,board game store,Paris,France,https://www.lerepairedudragon.fr/,contact@lerepairedudragon.fr,+33 1 44 84 70 69,@lerepairedudragon,A major hub for board games in Paris with a dedicated community and a strong focus on card games and indie titles.,,
L'Œuf Cube,board game store,Paris,France,https://www.oeufcube.com/,,+33 1 43 54 99 30,@loeufcube,"Established in 1977, it is one of the oldest game shops in Paris and a destination for collectors and hobbyists in the Latin Quarter.",,
Junku,Japan stores,Paris,France,https://www.junku.fr/,,+33 1 42 60 89 12,@junku_paris,"A premier Japanese bookstore that stocks lifestyle items and games, making it a perfect fit for a sushi-themed card game.",,
Fleux,Concept design,Paris,France,https://www.fleux.com/,,+33 1 42 78 27 20,@fleux,A high-end concept store in Le Marais that prioritizes strong design and aesthetic appeal in its gift and game selection.,,commande@fleux.com
Troll2Jeux,board game store,Paris,France,https://troll2jeux.com/,,+33 1 43 40 90 46,@troll2jeux,"Located near Gare de Lyon, this shop has a very active community and frequently hosts events for new card game releases.",,contact@troll2jeux.com
Starplayer,board game store,Paris,France,https://www.starplayer.fr/,,+33 1 43 26 03 36,@starplayer_paris,A central Paris shop specializing in tabletop games and high-quality card games with a knowledgeable staff.,,
Maison de la Culture du Japon à Paris (Boutique),Japan stores,Paris,France,https://www.mcjp.fr/,,+33 1 44 37 95 01,@mcjp_officiel,The official cultural center's boutique is ideal for products that celebrate Japanese culinary culture and modern design.,,contact@mcjp.fr
Playin Paris,board game store,Paris,France,https://www.playin.fr/,,+33 9 71 24 98 87,@playin_paris,"A large, modern retail space with a massive inventory of card games and high foot traffic in the Rivoli district.",,
Majestik Games,board game store,Paris,France,https://www.majestikgames.com/,,+33 9 81 25 31 15,@majestikgames,"A boutique game shop that curates a selection of accessible, visually appealing card games for casual and serious players.",,contact@majestikgames.com
Boutique du Musée des Arts Décoratifs (107 Rivoli),Concept design,Paris,France,https://www.boutique.madparis.fr/,,+33 1 42 60 64 30,@107rivoli,Focuses on high-design objects and unique gifts; Omakase's strong design qualities would align with their curated game section.,,
La Crypte du Jeu,board game store,Marseille,France,https://www.lacryptedujeu.fr/,contact@lacryptedujeu.fr,+33 4 91 48 19 93,@lacryptedujeu,A cornerstone of the Marseille gaming scene with a massive inventory of card games and a dedicated community.,,
Le Pion de Marseille,board game store,Marseille,France,https://lepiondemarseille.fr/,contact@lepiondemarseille.fr,+33 4 91 47 04 71,@lepiondemarseille,"A specialized boutique focusing on modern board games and card games, ideal for independent titles like Omakase.",,
L'Antre du Dragon,board game store,Marseille,France,https://www.lantredudragon.fr/,contact@lantredudragon.fr,+33 4 91 42 16 02,@lantredudragon,Focuses on tabletop and card games with a knowledgeable staff that supports independent game designers.,,contact@lantredudragon.fr
Maison Empereur,gift shop,Marseille,France,https://www.empereur.fr/,contact@empereur.fr,+33 4 91 54 02 29,@maisonempereur,"France's oldest hardware store that curates high-quality, aesthetically pleasing gifts and traditional games, fitting Omakase's design qualities.",,
Japan Market,Japan stores,Marseille,France,https://www.japanmarket.fr/,contact@japanmarket.fr,+33 4 91 54 96 22,@japanmarket_marseille,A specialty Japanese grocery and gift shop where a sushi-themed card game would perfectly complement their curated product range.,,serviceclient@japanmarket.fr
L'Arbre à Soleils,toy store,Marseille,France,https://www.larbreasoleils.fr/,contact@larbreasoleils.fr,+33 4 91 54 04 04,@larbreasoleils,"An independent toy store that prioritizes high-quality, well-designed educational games and unique playthings.",,
Le Poisson Lune,toy store,Marseille,France,https://www.lepoissonlune.fr/,contact@lepoissonlune.fr,+33 4 91 94 51 05,@lepoissonlunemarseille,A boutique toy and gift shop known for its curated selection of beautiful objects and creative games for all ages.,,
Archi Chouette,board game store,Lyon,France,https://www.archi-chouette.fr/,contact@archi-chouette.fr,+33 4 78 39 20 10,@archichouette,A premier board game shop in the city center with a curated selection of modern card games and a focus on indie publishers.,,lyonsupport@archi-chouette.fr
Trollune,board game store,Lyon,France,https://www.trollune.fr/,trollune@trollune.fr,+33 4 78 69 85 56,@trollune_lyon,One of Lyon's largest and most established specialty game stores with a massive inventory and a dedicated card game section.,,trollune@trollune.fr
Konjaku,Japan stores,Lyon,France,https://www.konjaku.fr/,contact@konjaku.fr,+33 9 52 38 10 50,@konjaku_lyon,A boutique specializing in Japanese culture and products; a sushi-themed game would fit perfectly within their curated lifestyle and gift selection.,,
Ukronium 1828,board game store,Lyon,France,https://ukronium1828.fr/,contact@ukronium1828.fr,+33 4 78 69 85 58,@ukronium1828,"A unique concept store that blends games with immersive decor, making it a great fit for a game with strong design qualities.",,
L'Instant Poétique,gift shop,Lyon,France,https://www.linstantpoetique.com/,,+33 4 78 24 42 12,@linstantpoetique,"A high-end gift shop focusing on beautiful objects and design, ideal for Omakase's visual appeal and giftable nature.",,
Le Labo de Merlin,board game store,Lyon,France,https://www.lelabodemerlin.com/,contact@lelabodemerlin.com,+33 4 78 37 19 31,@lelabodemerlin,A community-focused shop that stocks a wide variety of card games and family-friendly titles in the heart of the city.,,
L'Antre du Dragon,board game store,Lyon,France,https://www.lantredudragon.fr/,,+33 4 72 07 00 90,@lantredudragon,An established local game shop with a strong focus on tabletop and card games and a loyal customer base interested in new titles.,,contact@lantredudragon.fr
Le Passe Temps,board game store,Toulouse,France,https://www.lepassetemps.net,contact@lepassetemps.net,+33 5 61 21 01 01,@lepassetemps,One of the most influential board game specialty shops in France with a massive community and a focus on modern card games.,,
C'est le Jeu,board game store,Toulouse,France,https://www.cestlejeu.fr,contact@cestlejeu.fr,+33 5 61 23 23 55,@cestlejeu,A dedicated board game boutique in the city center that prioritizes independent publishers and high-quality tabletop experiences.,,
Le Comptoir du Japon,Japan stores,Toulouse,France,https://www.comptoirdujapon.fr,contact@comptoirdujapon.fr,+33 5 61 62 43 18,@comptoirdujapon,"An authentic Japanese specialty shop that carries traditional and modern Japanese goods, making it a perfect fit for a sushi-themed game.",,
Trait,Concept design,Toulouse,France,https://www.trait.fr,contact@trait.fr,+33 5 61 25 71 84,@trait_toulouse,"A high-end design and lifestyle store that stocks aesthetic objects and beautifully designed games, matching Omakase's strong design qualities.",,trait.papier@gmail.com
Jeux du Monde,board game store,Toulouse,France,https://www.jeuxdumonde.com,,+33 5 61 23 35 51,@jeuxdumonde,"Specializes in games from different cultures and traditional wooden games, aligning well with the cultural theme of Omakase.",,
Blast,board game store,Toulouse,France,https://blast-toulouse.com,,+33 5 31 22 94 37,@blast_toulouse,"A modern hobby shop focusing on indie games and card games, catering to a younger, design-conscious demographic.",,
Manga No Kuni,Japan stores,Toulouse,France,http://www.manganokuni.com,,+33 5 61 63 82 13,,A long-standing manga and Japanese culture specialist that would likely stock Japan-themed card games for their enthusiast customer base.,,
JSST Jeux,board game store,Nice,France,https://www.jsstjeux.fr/,contact@jsstjeux.fr,+33 4 93 81 56 06,@jsstjeux,"A premier board game specialist in Nice with a strong community focus, ideal for card games with high replayability and social interaction.",,
La Bulle à Jeux,board game store,Nice,France,https://labulleajeux.fr/,contact@labulleajeux.fr,+33 4 93 82 91 06,@labulleajeux,"A dedicated tabletop gaming boutique that prioritizes modern card games and independent publishers, making it a perfect fit for Omakase.",,
Manga T Nice,Japan stores,Nice,France,https://www.manga-t.fr/,manga.t.nice@gmail.com,+33 9 83 54 44 40,@mangat_nice,A Japanese-themed concept store and tea room that perfectly matches the sushi aesthetic and cultural theme of the Omakase card game.,,
Le Monde en Jeux,board game store,Nice,France,https://lemondeenjeux.fr/,contact@lemondeenjeux.fr,+33 4 93 13 01 06,@lemondeenjeux,"Located in the Old Town, this shop specializes in board games and would appreciate the strong design qualities and compact format of Omakase.",,
Jouets Cyprien,toy store,Nice,France,https://www.jouets-cyprien.fr/,contact@jouets-cyprien.fr,+33 4 93 88 84 34,,"A high-end independent toy store that stocks quality games, fitting the 'strong design' and premium feel of the Omakase brand.",,
Badaboum,toy store,Nice,France,https://www.badaboum-jouets.fr/,badaboum.jouets@orange.fr,+33 4 93 85 34 56,@badaboumjouets,An independent toy and gift shop known for its curated selection of aesthetic and educational games for families and collectors.,,
Le Temple du Jeu,board game store,Nantes,France,https://www.letempledujeu.fr/,contact@letempledujeu.fr,+33 2 40 12 11 41,@letempledujeu,The primary board game specialist in Nantes with a massive inventory and a dedicated community of card game players.,,
Sortilèges Nantes,board game store,Nantes,France,https://www.sortileges.fr/,nantes@sortileges.fr,+33 2 40 47 75 20,@sortilegesnantes,"A well-established boutique specializing in tabletop games that values unique, high-quality card games.",,
Manga T Nantes,Japan stores,Nantes,France,https://manga-t.fr/,,+33 9 83 54 81 22,@mangatnantes,A Japanese-themed tea room and shop that is a perfect cultural fit for a sushi-themed card game.,,
Henry et Henriette,gift shop,Nantes,France,https://henryethenriette.com/,contact@henryethenriette.com,+33 2 53 45 02 69,@henryethenriette,A colorful concept and gift shop that prioritizes strong visual design and unique lifestyle products.,,contacthenryethenriette@gmail.com
La Ribouldingue,toy store,Nantes,France,https://www.laribouldingue.fr/,,+33 2 40 47 61 31,@laribouldingue_nantes,An independent toy store focusing on quality playthings and educational games with high production value.,,
L'Atelier du Petit Parc,Concept design,Nantes,France,https://www.latelierdupetitparc.fr/,,+33 2 40 48 25 92,@latelierdupetitparc,"A curated design shop that features aesthetic objects, making it a great fit for Omakase's strong design qualities.",,
Sous les Étoiles,gift shop,Nantes,France,https://www.souslesetoiles-nantes.com/,,+33 2 40 75 61 39,@souslesetoilesnantes,A boutique gift shop specializing in original and creative items that often stocks high-end card games.,,
Philibert,board game store,Strasbourg,France,https://www.philibertnet.com,,+33 3 88 32 65 35,@philibertnet,"As one of the most influential board game retailers in Europe and based in Strasbourg, they are the primary target for any new card game.",,
Le Pion Magique,board game store,Strasbourg,France,https://www.lepionmagique.com,,+33 3 88 32 45 41,,A long-standing independent game shop in the city center that specializes in tabletop and card games.,,
Little Tokyo,Japan stores,Strasbourg,France,https://www.littletokyo.fr,,+33 3 88 32 24 35,@littletokyostrasbourg,Specializes in Japanese culture and products; a sushi-themed game with strong design would fit their aesthetic perfectly.,,contact@gameklub.fr
Le Temple du Jeu,board game store,Strasbourg,France,https://www.letempledujeu.fr,,+33 3 88 32 10 10,,A dedicated gaming shop that carries a wide variety of card games and niche titles.,,
L'Oiseau Bleu,toy store,Strasbourg,France,https://www.loiseaubleustrasbourg.com,,+33 3 88 32 23 25,@loiseaubleustrasbourg,A high-end independent toy store that stocks quality games and would appreciate the design aspect of Omakase.,,
Curieux?,Concept design,Strasbourg,France,https://www.curieux-store.com,,+33 3 67 10 16 19,@curieux_strasbourg,A concept store focusing on design and lifestyle products where a visually striking card game would fit well.,,
Excalibur Montpellier,board game store,Montpellier,France,https://www.excalibur-comics.fr,contact@excalibur-comics.fr,+33 4 67 60 81 37,@excalibur_montpellier,"The city's leading board game specialist with a massive inventory and a dedicated community, perfect for a high-quality card game.",,contact@excalibur-comics.fr
Japan Market,Japan stores,Bordeaux,France,https://www.japanmarket.fr/,contact@japanmarket.fr,+33 5 56 44 19 62,@japanmarket_bdx,A specialty Japanese grocery and gift shop where a sushi-themed card game would be a natural cross-sell item.,,serviceclient@japanmarket.fr
Jeux Barjo,board game store,Bordeaux,France,https://www.jeuxbarjo.com/,,+33 5 56 51 00 21,@jeuxbarjo,"A popular board game cafe and shop that specializes in social, easy-to-learn card games that fit the Omakase profile.",,93jeuxbarjoboutique@gmail.comle
J-Store Berlin,Japan stores,Berlin,Germany,https://www.j-store-berlin.de/,info@j-store-berlin.de,+49 30 31016447,@jstoreberlin,"Specializes in Japanese pop culture, manga, and lifestyle products; a sushi-themed game is a perfect thematic fit for their audience.",,info.annex@j-store-berlin.detel
RSVP Berlin,Concept design,Berlin,Germany,https://rsvp-berlin.de/,info@rsvp-berlin.de,+49 30 28094644,@rsvp_berlin,"A high-end stationery and design boutique that values aesthetic quality, making it ideal for a game with strong design elements.",,info@rsvp-berlin.de
Spielbrett Berlin,board game store,Berlin,Germany,https://spielbrett-berlin.de/,info@spielbrett-berlin.de,+49 30 6923639,@spielbrett_berlin,One of Berlin's oldest independent game stores with multiple locations and a strong focus on family-friendly card games.,,mail@spielbrett-berlin.detel
Neo Tokyo,Japan stores,Berlin,Germany,https://www.neotokyo.de/,info@neotokyo.de,+49 30 44046111,@neotokyostores,"A major hub for Japanese media and merchandise in Berlin, attracting customers interested in Japanese culinary and pop culture.",,neotokyo@neotokyo.de
Gamer's HQ,board game store,Berlin,Germany,https://gamers-hq.de/,info@gamers-hq.de,+49 30 79706346,@gamershq_berlin,A dedicated hobby shop with a deep inventory of tabletop games and a loyal community of card game enthusiasts.,,laden@gamers-hq.de
Luiban,Concept design,Berlin,Germany,https://www.luiban.com/,info@luiban.com,+49 30 40041450,@luiban_papeterie,"Focuses on high-quality paper goods and minimalist design objects, aligning with the premium design qualities of Omakase.",,info@luiban.com
Werken Spielen Schenken,toy store,Berlin,Germany,https://www.werken-spielen-schenken.de/,,+49 30 7900970,@werkenspielenschenken,A massive independent toy and hobby retailer in Steglitz with a significant department dedicated to board and card games.,,spielwaren@werken-spielen-schenken.de
Grober Unfug,gift shop,Berlin,Germany,https://www.groberunfug.de/,info@groberunfug.de,+49 30 2813013,@groberunfug,"A cult comic and gift shop that stocks unique, visually-driven games and collectibles that appeal to a design-conscious crowd.",,info@groberunfug.de
Atlantis Hamburg,board game store,Hamburg,Germany,https://www.atlantis-hamburg.de,info@atlantis-hamburg.de,+49 40 60085151,@atlantis_hamburg,"As one of Hamburg's premier specialty board game stores, they carry a wide range of indie titles and have a dedicated community for card games.",,info@atlantis-hamburg.de
Human Empire Shop,Concept design,Hamburg,Germany,https://humanempireshop.com,shop@humanempire.com,+49 40 18011255,@humanempireshop,"A design-focused concept store that stocks unique stationery, prints, and high-end gift items, aligning with Omakase's strong visual identity.",,11post@humanempireshop.commo
Kaufhaus Hamburg,gift shop,Hamburg,Germany,https://kaufhaus-hamburg.de,info@kaufhaus-hamburg.de,+49 40 30031900,@kaufhaus_hamburg,"Focuses on high-quality, regional, and unique gift products; Omakase fits their 'special finds' criteria for local shoppers.",,shop@kaufhaus-hamburg.de
Kunst und Spiel,toy store,Munich,Germany,https://www.kunstundspiel.de,info@kunstundspiel.de,+49 89 381660,@kunstundspiel,"A high-end toy store emphasizing aesthetic and educational value, perfect for a well-designed card game.",,info@kunstundspiel.de
Servus Heimat,gift shop,Munich,Germany,https://www.servusheimat.com,info@servusheimat.com,+49 89 24294780,@servusheimat,"A popular gift shop specializing in high-quality, curated items that appeal to both locals and tourists.",,info@servusheimat.com
Hiveworld,board game store,Cologne,Germany,https://www.hiveworld.de,info@hiveworld.de,+49 221 9231412,@hiveworld.de,A leading board game specialist in Cologne with a high volume of card game enthusiasts and a central location.,,info@hiveworld.com
Brave New World,board game store,Cologne,Germany,https://www.bravenewworld.biz,info@bravenewworld.biz,+49 221 2578500,@bravenewworld_koeln,"Focuses on hobbyist and indie games, making it a great fit for a niche card game with unique mechanics.",,braveneworldkoeln@gmail.com
Spielbrett Köln,board game store,Cologne,Germany,https://spielbrett-koeln.de,info@spielbrett-koeln.de,+49 221 424242,,A traditional shop with a curated selection of family-friendly and aesthetically pleasing games.,,spielbrett@t-online.de
Siebter Himmel,Concept design,Cologne,Germany,https://www.siebterhimmel.de,info@siebterhimmel.de,+49 221 2726020,@siebterhimmel,A design-centric concept store where Omakase's visual appeal would stand out to gift shoppers and design lovers.,,50607777info@siebterhimmel.deleipzig
Ortloff,gift shop,Cologne,Germany,https://www.ortloff.de,info@ortloff.de,+49 221 20550,@ortloff_koeln,"A premium retailer for stationery and gifts that attracts customers looking for high-quality, giftable games and puzzles.",,shop@ortloff.de
Buchhandlung Walther König,book shop,Frankfurt,Germany,https://www.buchhandlung-walther-koenig.de/,,,,"Located in major art museums, this shop focuses on art and design, providing a sophisticated retail environment for a well-designed card game.",,order@buchhandlung-walther-koenig.de
Fantasy Stronghold,board game store,Stuttgart,Germany,https://www.fantasystronghold.de/,info@fantasystronghold.de,+49 711 6070701,@fantasystronghold,A premier destination for board games and tabletop hobbies in Stuttgart with a dedicated community of card game players.,,info@fantasystronghold.de
Mage Store,board game store,Düsseldorf,Germany,https://www.magestore.de,info@magestore.de,+49 211 9944085,@magestore_duesseldorf,Düsseldorf's premier destination for board and card games with a highly active community and dedicated retail space.,,info@magestore.de
Drachental,board game store,Düsseldorf,Germany,https://www.drachental.com,info@drachental.com,+49 211 5803795,@drachental_duesseldorf,"A specialized hobby and game shop that focuses on tabletop and card games, making it a perfect fit for niche card game titles.",,info@drachental.comumsatzsteuer
Takagi Books & More,Japan stores,Düsseldorf,Germany,https://www.takagi-books.de,info@takagi-books.de,+49 211 352151,@takagibooks,"A major cultural hub in Little Tokyo that sells Japanese books, manga, and gifts, attracting customers interested in Japanese aesthetics.",,kontakt@takagi-books.de
Selekteur,Concept design,Düsseldorf,Germany,https://selekteur.com,info@selekteur.com,+49 211 86042363,@selekteur,"A high-end concept store focusing on 'things that last,' valuing strong design and quality, which aligns with Omakase's design-led approach.",,mail@selekteur.com
Lütgenau,toy store,Düsseldorf,Germany,https://www.luetgenau.de,info@luetgenau.de,+49 211 325941,,"A traditional, large independent toy store in the city center with a significant department for board games and puzzles.",,hello@fruits.co
Tellurian Games,board game store,Dortmund,Germany,https://www.tellurian.de,info@tellurian.de,+49 231 524410,,"Specializes in tabletop, card games, and fantasy hobbies, making it an ideal location for niche card games like Omakase.",,games@tellurian.de
Loot Shop,board game store,Essen,Germany,https://loot-shop.de/,info@loot-shop.de,+49 201 89091460,@lootshop_essen,"Focuses on geek culture, TCGs, and board games, providing a high-traffic environment for modern card games.",,koblenzinfo@loot-shop.de
Manga-Mafia Leipzig,Japan stores,Leipzig,Germany,https://manga-mafia.de/,,+49 341 24804344,@mangamafiastore,"A specialty shop for Japanese pop culture and merchandise, providing a perfect thematic audience for a sushi-based game.",,shopnospamplease@nospampleasemanga-mafia.de
Hafenbasar,gift shop,Leipzig,Germany,https://www.hafenbasar.de/,,+49 341 2253818,@hafenbasar,"A unique gift and curiosity shop that values high-quality design and quirky, portable products.",,kontakt@hafenbasar.de
Loot Shop,board game store,Bremen,Germany,https://loot-shop.de/,info@loot-shop.de,+49 421 69646464,@loot_shop_bremen,"Focuses on gaming culture, merchandise, and tabletop games, attracting a younger, trend-conscious demographic interested in unique card games.",,koblenzinfo@loot-shop.de
Manga-Mafia Store Dresden,Japan stores,Dresden,Germany,https://manga-mafia.de,,+49 351 48452444,@mangamafiastore,Specializes in Japanese pop culture and merchandise; the sushi theme of Omakase is a perfect thematic fit for their customer base.,,shopnospamplease@nospampleasemanga-mafia.de
